{
  "generator-jhipster": {
    "applicationType": "monolith",
    "authenticationType": "session",
    "baseName": "MainApp",
    "blueprints": [],
    "buildTool": "maven",
    "cacheProvider": "no",
    "clientFramework": "angularX",
    "clientPackageManager": "npm",
    "clientTheme": "none",
    "clientThemeVariant": "",
    "creationTimestamp": 1651841568819,
    "databaseType": "sql",
    "devDatabaseType": "h2Disk",
    "devServerPort": 4200,
    "dtoSuffix": "DTO",
    "enableGradleEnterprise": false,
    "enableHibernateCache": false,
    "enableSwaggerCodegen": false,
    "enableTranslation": false,
    "entitySuffix": "",
    "jhiPrefix": "jhi",
    "jhipsterVersion": "7.8.1",
    "languages": ["en", "fr"],
    "messageBroker": false,
    "monorepository": true,
    "nativeLanguage": "en",
    "otherModules": [],
    "packageName": "com.internship.myapp",
    "pages": [],
    "prodDatabaseType": "postgresql",
    "reactive": true,
    "rememberMeKey": "58e3f66ecb4f0ffc68711d8a6a9a9d511ea1b16028989a060516ba261e15ebdd253d6d47487a746706ddee2fe323c3c2fc8f",
    "searchEngine": false,
    "serverPort": "8080",
    "serverSideOptions": [],
    "serviceDiscoveryType": "no",
    "skipCheckLengthOfIdentifier": false,
    "skipCommitHook": true,
    "skipFakeData": false,
    "skipUserManagement": false,
    "testFrameworks": [],
    "websocket": false,
    "withAdminUi": true
  }
}
